timeStamp,elapsed,label,responseCode,responseMessage,threadName,dataType,success,failureMessage,bytes,sentBytes,grpThreads,allThreads,URL,Latency,IdleTime,Connect
1552828924726,78,cu,200,OK,ipokemon 1-4,text,true,,156,633,10,10,http://192.168.0.39:8000/cu,78,0,42
1552828924726,90,wpm,200,OK,ipokemon 1-6,text,true,,192,327,10,10,http://192.168.0.39:8000/wpm?code=CN,90,0,43
1552828924726,110,upm,200,OK,ipokemon 1-2,text,true,,156,1982,10,10,http://192.168.0.39:8000/upm,110,0,43
1552828924726,128,uu,200,OK,ipokemon 1-8,text,true,,156,725,10,10,http://192.168.0.39:8000/uu,128,0,44
1552828924726,140,r/XX,200,OK,ipokemon 1-7,text,true,,160,320,10,10,http://192.168.0.39:8000/r/XX,139,0,44
1552828924726,151,id,200,OK,ipokemon 1-1,text,true,,164,318,10,10,http://192.168.0.39:8000/id,151,0,44
1552828924726,171,upm,200,OK,ipokemon 1-3,text,true,,156,2037,10,10,http://192.168.0.39:8000/upm,171,0,44
1552828924809,121,pma/4,200,OK,ipokemon 1-4,text,true,,769,321,10,10,http://192.168.0.39:8000/pma/4,121,0,5
1552828924819,122,uu,200,OK,ipokemon 1-6,text,true,,156,821,10,10,http://192.168.0.39:8000/uu,122,0,4
1552828924838,117,upm,200,OK,ipokemon 1-2,text,true,,156,2494,10,10,http://192.168.0.39:8000/upm,117,0,4
1552828924856,110,cu,200,OK,ipokemon 1-8,text,true,,156,615,10,10,http://192.168.0.39:8000/cu,109,0,3
1552828924931,46,upm,200,OK,ipokemon 1-4,text,true,,156,1278,10,10,http://192.168.0.39:8000/upm,46,0,4
1552828924941,48,uu,200,OK,ipokemon 1-6,text,true,,156,887,10,10,http://192.168.0.39:8000/uu,48,0,3
1552828924966,29,r/XX,200,OK,ipokemon 1-8,text,true,,160,320,10,10,http://192.168.0.39:8000/r/XX,29,0,3
1552828924996,17,uu,200,OK,ipokemon 1-8,text,true,,156,728,10,10,http://192.168.0.39:8000/uu,17,0,3
1552828925014,14,cc,200,OK,ipokemon 1-8,text,true,,156,318,10,10,http://192.168.0.39:8000/cc,14,0,5
1552828924726,371,pd,200,OK,ipokemon 1-5,text,true,,659,318,10,10,http://192.168.0.39:8000/pd,371,0,44
1552828925099,15,ur,200,OK,ipokemon 1-5,text,true,,156,658,10,10,http://192.168.0.39:8000/ur,15,0,3
1552828931512,40,ur,200,OK,ipokemon 1-9,text,true,,156,649,10,10,http://192.168.0.39:8000/ur,40,0,20
1552828931553,25,uu,200,OK,ipokemon 1-9,text,true,,156,716,10,10,http://192.168.0.39:8000/uu,25,0,4
1552828931578,34,upm,200,OK,ipokemon 1-9,text,true,,156,1971,10,10,http://192.168.0.39:8000/upm,34,0,6
1552828931612,20,pma/4,200,OK,ipokemon 1-9,text,true,,769,321,10,10,http://192.168.0.39:8000/pma/4,20,0,4
1552828931632,25,upm,200,OK,ipokemon 1-9,text,true,,156,2039,10,10,http://192.168.0.39:8000/upm,25,0,6
1552828931658,22,wpm,200,OK,ipokemon 1-9,text,true,,192,327,10,10,http://192.168.0.39:8000/wpm?code=CN,21,0,4
1552828931680,16,r/XX,200,OK,ipokemon 1-9,text,true,,160,320,10,10,http://192.168.0.39:8000/r/XX,15,0,4
1552828932871,36,upm,200,OK,ipokemon 1-6,text,true,,156,2671,10,10,http://192.168.0.39:8000/upm,36,0,9
1552828932908,19,ur,200,OK,ipokemon 1-6,text,true,,156,637,10,10,http://192.168.0.39:8000/ur,19,0,3
1552828932928,26,uu,200,OK,ipokemon 1-6,text,true,,156,740,10,10,http://192.168.0.39:8000/uu,26,0,3
1552828934295,22,u,200,OK,ipokemon 1-8,text,true,,411,317,10,10,http://192.168.0.39:8000/u,22,0,4
1552828934318,30,upm,200,OK,ipokemon 1-8,text,true,,156,2004,10,10,http://192.168.0.39:8000/upm,30,0,5
1552828934349,27,uu,200,OK,ipokemon 1-8,text,true,,156,710,10,10,http://192.168.0.39:8000/uu,27,0,4
1552828934377,35,uu,200,OK,ipokemon 1-8,text,true,,156,895,10,10,http://192.168.0.39:8000/uu,35,0,14
1552828934413,20,pma/7,200,OK,ipokemon 1-8,text,true,,769,321,10,10,http://192.168.0.39:8000/pma/7,20,0,2
1552828941530,41,upm,200,OK,ipokemon 1-10,text,true,,156,2015,10,10,http://192.168.0.39:8000/upm,41,0,7
1552828945971,30,uu,200,OK,ipokemon 1-7,text,true,,156,719,10,10,http://192.168.0.39:8000/uu,29,0,7
1552828946001,20,pma/7,200,OK,ipokemon 1-7,text,true,,769,321,10,10,http://192.168.0.39:8000/pma/7,20,0,3
1552828946022,28,uu,200,OK,ipokemon 1-7,text,true,,156,728,10,10,http://192.168.0.39:8000/uu,28,0,3
1552828955839,23,pma/7,200,OK,ipokemon 1-9,text,true,,769,321,10,10,http://192.168.0.39:8000/pma/7,23,0,7
1552828955863,21,pma/1,200,OK,ipokemon 1-9,text,true,,769,321,10,10,http://192.168.0.39:8000/pma/1,20,0,4
1552828955884,28,uu,200,OK,ipokemon 1-9,text,true,,156,899,10,10,http://192.168.0.39:8000/uu,28,0,5
1552828957050,31,uu,200,OK,ipokemon 1-7,text,true,,156,710,10,10,http://192.168.0.39:8000/uu,31,0,8
1552828957081,52,uu,200,OK,ipokemon 1-7,text,true,,156,917,10,10,http://192.168.0.39:8000/uu,52,0,5
1552828957134,35,upm,200,OK,ipokemon 1-7,text,true,,156,2006,10,10,http://192.168.0.39:8000/upm,35,0,4
1552828957219,40,uu,200,OK,ipokemon 1-10,text,true,,156,919,10,10,http://192.168.0.39:8000/uu,40,0,15
1552828957552,33,uu,200,OK,ipokemon 1-4,text,true,,156,728,10,10,http://192.168.0.39:8000/uu,33,0,8
1552828961009,30,uu,200,OK,ipokemon 1-8,text,true,,156,903,10,10,http://192.168.0.39:8000/uu,30,0,7
1552828961688,30,uu,200,OK,ipokemon 1-5,text,true,,156,913,10,10,http://192.168.0.39:8000/uu,30,0,7
1552828961719,28,uu,200,OK,ipokemon 1-5,text,true,,156,785,10,10,http://192.168.0.39:8000/uu,28,0,4
1552828962954,24,pma/7,200,OK,ipokemon 1-9,text,true,,769,321,10,10,http://192.168.0.39:8000/pma/7,24,0,7
1552828963016,30,uu,200,OK,ipokemon 1-6,text,true,,156,740,10,10,http://192.168.0.39:8000/uu,30,0,7
1552828963047,23,pma/7,200,OK,ipokemon 1-6,text,true,,769,321,10,10,http://192.168.0.39:8000/pma/7,23,0,7
1552828963070,35,upm,200,OK,ipokemon 1-6,text,true,,156,1972,10,10,http://192.168.0.39:8000/upm,35,0,5
1552828963706,30,uu,200,OK,ipokemon 1-1,text,true,,156,734,10,10,http://192.168.0.39:8000/uu,30,0,6
1552828964443,28,wpm,200,OK,ipokemon 1-3,text,true,,192,327,10,10,http://192.168.0.39:8000/wpm?code=CN,28,0,7
1552828964472,29,uu,200,OK,ipokemon 1-3,text,true,,156,622,10,10,http://192.168.0.39:8000/uu,28,0,7
1552828964501,22,id,200,OK,ipokemon 1-3,text,true,,164,318,10,10,http://192.168.0.39:8000/id,21,0,5
1552828965021,64,mas/CN,200,OK,ipokemon 1-5,text,true,,2016,322,10,10,http://192.168.0.39:8000/mas/CN,62,0,45
1552828966885,45,upm,200,OK,ipokemon 1-2,text,true,,156,1289,10,10,http://192.168.0.39:8000/upm,45,0,8
1552828977925,31,uu,200,OK,ipokemon 1-3,text,true,,156,728,10,10,http://192.168.0.39:8000/uu,31,0,7
1552828977957,38,upm,200,OK,ipokemon 1-3,text,true,,156,2039,10,10,http://192.168.0.39:8000/upm,38,0,8
1552828978244,32,uu,200,OK,ipokemon 1-4,text,true,,156,710,10,10,http://192.168.0.39:8000/uu,31,0,7
1552828979383,32,uu,200,OK,ipokemon 1-1,text,true,,156,719,10,10,http://192.168.0.39:8000/uu,31,0,8
1552828979999,34,upm,200,OK,ipokemon 1-6,text,true,,156,1322,10,10,http://192.168.0.39:8000/upm,34,0,8
1552828982522,36,upm,200,OK,ipokemon 1-2,text,true,,156,2071,10,10,http://192.168.0.39:8000/upm,36,0,7
1552828982558,35,upm,200,OK,ipokemon 1-2,text,true,,156,1993,10,10,http://192.168.0.39:8000/upm,35,0,5
1552828983945,34,pd,200,OK,ipokemon 1-2,text,true,,658,318,10,10,http://192.168.0.39:8000/pd,34,0,8
1552828983979,29,uu,200,OK,ipokemon 1-2,text,true,,156,728,10,10,http://192.168.0.39:8000/uu,29,0,5
1552828986670,54,upm,200,OK,ipokemon 1-4,text,true,,156,2494,10,10,http://192.168.0.39:8000/upm,54,0,8
1552828988136,31,uu,200,OK,ipokemon 1-2,text,true,,156,722,10,10,http://192.168.0.39:8000/uu,30,0,7
1552828988378,33,pd,200,OK,ipokemon 1-3,text,true,,660,318,10,10,http://192.168.0.39:8000/pd,33,0,7
1552828990867,30,uu,200,OK,ipokemon 1-9,text,true,,156,722,10,10,http://192.168.0.39:8000/uu,30,0,7
1552828990898,32,upm,200,OK,ipokemon 1-9,text,true,,156,2718,10,10,http://192.168.0.39:8000/upm,32,0,4
1552828990931,26,uu,200,OK,ipokemon 1-9,text,true,,156,801,10,10,http://192.168.0.39:8000/uu,25,0,3
1552828991284,45,upm,200,OK,ipokemon 1-1,text,true,,156,2038,10,10,http://192.168.0.39:8000/upm,45,0,16
1552828995228,31,uu,200,OK,ipokemon 1-1,text,true,,156,716,10,10,http://192.168.0.39:8000/uu,31,0,8
1552828995259,30,uu,200,OK,ipokemon 1-1,text,true,,156,637,10,10,http://192.168.0.39:8000/uu,30,0,7
1552828995277,32,uu,200,OK,ipokemon 1-7,text,true,,156,883,10,10,http://192.168.0.39:8000/uu,32,0,5
1552828995290,38,uu,200,OK,ipokemon 1-1,text,true,,156,728,10,10,http://192.168.0.39:8000/uu,38,0,12
1552828995329,25,upm,200,OK,ipokemon 1-1,text,true,,156,2731,10,10,http://192.168.0.39:8000/upm,25,0,4
1552828995355,20,ur,200,OK,ipokemon 1-1,text,true,,156,628,10,10,http://192.168.0.39:8000/ur,20,0,4
1552828995376,19,wpm,200,OK,ipokemon 1-1,text,true,,192,327,10,10,http://192.168.0.39:8000/wpm?code=CN,19,0,4
1552828995396,26,r/XX,200,OK,ipokemon 1-1,text,true,,160,320,10,10,http://192.168.0.39:8000/r/XX,26,0,12
1552828995422,28,upm,200,OK,ipokemon 1-1,text,true,,156,2658,10,10,http://192.168.0.39:8000/upm,28,0,7
1552828995820,30,upm,200,OK,ipokemon 1-6,text,true,,156,2763,10,10,http://192.168.0.39:8000/upm,30,0,7
1552828995851,20,uu,200,OK,ipokemon 1-6,text,true,,156,621,10,10,http://192.168.0.39:8000/uu,20,0,4
1552828995872,27,cu,200,OK,ipokemon 1-6,text,true,,156,615,10,10,http://192.168.0.39:8000/cu,26,0,9
1552828999578,35,upm,200,OK,ipokemon 1-5,text,true,,156,1993,10,10,http://192.168.0.39:8000/upm,35,0,7
1552828999614,27,uu,200,OK,ipokemon 1-5,text,true,,156,645,10,10,http://192.168.0.39:8000/uu,27,0,4
1552828999642,33,upm,200,OK,ipokemon 1-5,text,true,,156,2015,10,10,http://192.168.0.39:8000/upm,33,0,5
1552829001239,52,uu,200,OK,ipokemon 1-2,text,true,,156,628,10,10,http://192.168.0.39:8000/uu,52,0,28
1552829005586,24,ur,200,OK,ipokemon 1-8,text,true,,156,631,10,10,http://192.168.0.39:8000/ur,24,0,8
1552829007373,27,pma/4,200,OK,ipokemon 1-5,text,true,,769,321,10,10,http://192.168.0.39:8000/pma/4,27,0,9
1552829010604,38,upm,200,OK,ipokemon 1-3,text,true,,156,2606,10,10,http://192.168.0.39:8000/upm,38,0,7
1552829010644,34,upm,200,OK,ipokemon 1-3,text,true,,156,2716,10,10,http://192.168.0.39:8000/upm,34,0,4
1552829015022,34,uu,200,OK,ipokemon 1-10,text,true,,156,809,10,10,http://192.168.0.39:8000/uu,34,0,10
1552829015057,48,upm,200,OK,ipokemon 1-10,text,true,,156,2592,10,10,http://192.168.0.39:8000/upm,48,0,10
1552829020054,35,upm,200,OK,ipokemon 1-3,text,true,,156,1982,10,10,http://192.168.0.39:8000/upm,35,0,7
1552829020089,14,cc,200,OK,ipokemon 1-3,text,true,,156,318,10,10,http://192.168.0.39:8000/cc,14,0,4
1552829020103,47,uu,200,OK,ipokemon 1-3,text,true,,156,713,10,10,http://192.168.0.39:8000/uu,47,0,26
1552829021909,32,r/XX,200,OK,ipokemon 1-5,text,true,,160,320,10,10,http://192.168.0.39:8000/r/XX,32,0,9
1552829021941,29,uu,200,OK,ipokemon 1-5,text,true,,156,713,10,10,http://192.168.0.39:8000/uu,29,0,5
1552829022962,35,upm,200,OK,ipokemon 1-7,text,true,,156,1366,10,10,http://192.168.0.39:8000/upm,35,0,8
1552829030473,34,wpm,200,OK,ipokemon 1-10,text,true,,192,327,10,10,http://192.168.0.39:8000/wpm?code=CN,34,0,8
1552829030508,36,pma/1,200,OK,ipokemon 1-10,text,true,,769,321,10,10,http://192.168.0.39:8000/pma/1,36,0,4
1552829030544,31,uu,200,OK,ipokemon 1-10,text,true,,156,713,10,10,http://192.168.0.39:8000/uu,31,0,5
1552829033378,67,wpm,200,OK,ipokemon 1-7,text,true,,192,327,10,10,http://192.168.0.39:8000/wpm?code=CN,67,0,7
1552829033446,24,mas/CN,200,OK,ipokemon 1-7,text,true,,2016,322,10,10,http://192.168.0.39:8000/mas/CN,21,0,5
1552829034100,57,uu,200,OK,ipokemon 1-4,text,true,,156,624,10,10,http://192.168.0.39:8000/uu,57,0,31
1552829034157,27,uu,200,OK,ipokemon 1-4,text,true,,156,719,10,10,http://192.168.0.39:8000/uu,27,0,5
1552829037599,47,pma/7,200,OK,ipokemon 1-2,text,true,,769,321,10,10,http://192.168.0.39:8000/pma/7,47,0,7
1552829037647,42,upm,200,OK,ipokemon 1-2,text,true,,156,2703,10,10,http://192.168.0.39:8000/upm,42,0,7
1552829037690,59,id,200,OK,ipokemon 1-2,text,true,,164,318,10,10,http://192.168.0.39:8000/id,59,0,42
1552829044928,40,upm,200,OK,ipokemon 1-5,text,true,,156,2059,10,10,http://192.168.0.39:8000/upm,40,0,7
1552829044970,26,u,200,OK,ipokemon 1-5,text,true,,411,317,10,10,http://192.168.0.39:8000/u,26,0,4
1552829044997,24,wpm,200,OK,ipokemon 1-5,text,true,,192,327,10,10,http://192.168.0.39:8000/wpm?code=CN,24,0,4
1552829045022,29,uu,200,OK,ipokemon 1-5,text,true,,156,734,10,10,http://192.168.0.39:8000/uu,28,0,4
1552829045051,20,cc,200,OK,ipokemon 1-5,text,true,,156,318,10,10,http://192.168.0.39:8000/cc,20,0,5
1552829045295,44,pma/23,200,OK,ipokemon 1-1,text,true,,769,322,10,10,http://192.168.0.39:8000/pma/23,44,0,7
1552829045340,18,wpm,200,OK,ipokemon 1-1,text,true,,192,327,10,10,http://192.168.0.39:8000/wpm?code=CN,18,0,4
1552829045359,20,cu,200,OK,ipokemon 1-1,text,true,,156,633,10,10,http://192.168.0.39:8000/cu,20,0,3
1552829045379,31,uu,200,OK,ipokemon 1-1,text,true,,156,895,10,10,http://192.168.0.39:8000/uu,31,0,4
1552829046728,31,wpm,200,OK,ipokemon 1-3,text,true,,192,327,10,10,http://192.168.0.39:8000/wpm?code=CN,31,0,8
1552829046759,24,mas/CN,200,OK,ipokemon 1-3,text,true,,2016,322,10,10,http://192.168.0.39:8000/mas/CN,22,0,5
1552829046871,30,uu,200,OK,ipokemon 1-7,text,true,,156,722,10,10,http://192.168.0.39:8000/uu,30,0,7
1552829053524,38,upm,200,OK,ipokemon 1-9,text,true,,156,2466,10,10,http://192.168.0.39:8000/upm,38,0,7
1552829053562,32,uu,200,OK,ipokemon 1-9,text,true,,156,625,10,10,http://192.168.0.39:8000/uu,32,0,8
1552829053594,29,uu,200,OK,ipokemon 1-9,text,true,,156,885,10,10,http://192.168.0.39:8000/uu,29,0,4
1552829053623,30,uu,200,OK,ipokemon 1-9,text,true,,156,734,10,10,http://192.168.0.39:8000/uu,30,0,5
1552829053654,31,uu,200,OK,ipokemon 1-9,text,true,,156,899,10,10,http://192.168.0.39:8000/uu,31,0,5
1552829053685,22,uu,200,OK,ipokemon 1-9,text,true,,156,643,10,10,http://192.168.0.39:8000/uu,22,0,5
1552829053708,26,wpm,200,OK,ipokemon 1-9,text,true,,192,327,10,10,http://192.168.0.39:8000/wpm?code=CN,26,0,4
1552829057632,33,uu,200,OK,ipokemon 1-9,text,true,,156,725,10,10,http://192.168.0.39:8000/uu,33,0,8
1552829059892,77,upm,200,OK,ipokemon 1-10,text,true,,156,2016,10,10,http://192.168.0.39:8000/upm,77,0,8
1552829059941,44,uu,200,OK,ipokemon 1-2,text,true,,156,637,10,10,http://192.168.0.39:8000/uu,44,0,13
1552829059969,23,cc,200,OK,ipokemon 1-10,text,true,,156,318,10,10,http://192.168.0.39:8000/cc,23,0,4
1552829061919,67,uu,200,OK,ipokemon 1-5,text,true,,156,731,10,10,http://192.168.0.39:8000/uu,67,0,7
1552829072943,39,upm,200,OK,ipokemon 1-1,text,true,,156,2564,10,10,http://192.168.0.39:8000/upm,39,0,7
1552829072983,22,pma/4,200,OK,ipokemon 1-1,text,true,,769,321,10,10,http://192.168.0.39:8000/pma/4,22,0,5
1552829073005,30,pd,200,OK,ipokemon 1-1,text,true,,660,318,10,10,http://192.168.0.39:8000/pd,30,0,4
1552829074557,24,id,200,OK,ipokemon 1-9,text,true,,164,318,10,10,http://192.168.0.39:8000/id,23,0,7
1552829074581,27,uu,200,OK,ipokemon 1-9,text,true,,156,731,10,10,http://192.168.0.39:8000/uu,27,0,4
1552829075840,32,uu,200,OK,ipokemon 1-4,text,true,,156,643,10,10,http://192.168.0.39:8000/uu,32,0,7
1552829075873,23,mas/CN,200,OK,ipokemon 1-4,text,true,,2016,322,10,10,http://192.168.0.39:8000/mas/CN,22,0,4
1552829075897,21,pma/23,200,OK,ipokemon 1-4,text,true,,769,322,10,10,http://192.168.0.39:8000/pma/23,21,0,5
1552829077162,18,cc,200,OK,ipokemon 1-1,text,true,,156,318,10,10,http://192.168.0.39:8000/cc,18,0,7
1552829077180,34,upm,200,OK,ipokemon 1-1,text,true,,156,1366,10,10,http://192.168.0.39:8000/upm,34,0,7
1552829080071,32,uu,200,OK,ipokemon 1-8,text,true,,156,713,10,10,http://192.168.0.39:8000/uu,32,0,7
1552829080103,20,pma/4,200,OK,ipokemon 1-8,text,true,,769,321,10,10,http://192.168.0.39:8000/pma/4,20,0,4
1552829080153,28,uu,200,OK,ipokemon 1-2,text,true,,156,903,10,10,http://192.168.0.39:8000/uu,28,0,5
1552829080182,30,uu,200,OK,ipokemon 1-2,text,true,,156,737,10,10,http://192.168.0.39:8000/uu,30,0,8
1552829080213,20,pma/4,200,OK,ipokemon 1-2,text,true,,769,321,10,10,http://192.168.0.39:8000/pma/4,20,0,3
1552829084989,107,uu,200,OK,ipokemon 1-9,text,true,,156,713,10,10,http://192.168.0.39:8000/uu,107,0,83
1552829085709,26,pma/7,200,OK,ipokemon 1-1,text,true,,769,321,10,10,http://192.168.0.39:8000/pma/7,26,0,9
1552829087105,31,uu,200,OK,ipokemon 1-2,text,true,,156,740,10,10,http://192.168.0.39:8000/uu,31,0,7
1552829087137,24,r/XX,200,OK,ipokemon 1-2,text,true,,160,320,10,10,http://192.168.0.39:8000/r/XX,24,0,5
1552829087161,18,cc,200,OK,ipokemon 1-2,text,true,,156,318,10,10,http://192.168.0.39:8000/cc,18,0,5
1552829087179,27,uu,200,OK,ipokemon 1-2,text,true,,156,740,10,10,http://192.168.0.39:8000/uu,27,0,5
1552829087207,25,pma/7,200,OK,ipokemon 1-2,text,true,,769,321,10,10,http://192.168.0.39:8000/pma/7,25,0,4
1552829087921,24,pma/7,200,OK,ipokemon 1-10,text,true,,769,321,10,10,http://192.168.0.39:8000/pma/7,24,0,6
1552829088991,34,uu,200,OK,ipokemon 1-4,text,true,,156,716,10,10,http://192.168.0.39:8000/uu,34,0,10
1552829089010,38,upm,200,OK,ipokemon 1-1,text,true,,156,1971,10,10,http://192.168.0.39:8000/upm,38,0,4
1552829089025,44,uu,200,OK,ipokemon 1-4,text,true,,156,889,10,10,http://192.168.0.39:8000/uu,44,0,6
1552829089049,42,upm,200,OK,ipokemon 1-1,text,true,,156,2015,10,10,http://192.168.0.39:8000/upm,42,0,4
1552829089092,31,pma/1,200,OK,ipokemon 1-1,text,true,,769,321,10,10,http://192.168.0.39:8000/pma/1,30,0,8
1552829089123,22,mas/CN,200,OK,ipokemon 1-1,text,true,,2016,322,10,10,http://192.168.0.39:8000/mas/CN,20,0,5
1552829093196,22,cc,200,OK,ipokemon 1-4,text,true,,156,318,10,10,http://192.168.0.39:8000/cc,22,0,8
1552829093219,28,u,200,OK,ipokemon 1-4,text,true,,419,317,10,10,http://192.168.0.39:8000/u,28,0,5
1552829095729,40,upm,200,OK,ipokemon 1-2,text,true,,156,2026,10,10,http://192.168.0.39:8000/upm,40,0,11
1552829095770,27,uu,200,OK,ipokemon 1-8,text,true,,156,628,10,10,http://192.168.0.39:8000/uu,26,0,4
1552829095828,20,pma/23,200,OK,ipokemon 1-10,text,true,,769,322,10,10,http://192.168.0.39:8000/pma/23,20,0,4
1552829095849,36,upm,200,OK,ipokemon 1-10,text,true,,156,2026,10,10,http://192.168.0.39:8000/upm,36,0,4
1552829095885,41,upm,200,OK,ipokemon 1-10,text,true,,156,2641,10,10,http://192.168.0.39:8000/upm,41,0,9
1552829095926,28,uu,200,OK,ipokemon 1-10,text,true,,156,722,10,10,http://192.168.0.39:8000/uu,27,0,4
1552829095954,30,uu,200,OK,ipokemon 1-10,text,true,,156,740,10,10,http://192.168.0.39:8000/uu,30,0,7
1552829095984,17,pma/4,200,OK,ipokemon 1-10,text,true,,769,321,10,10,http://192.168.0.39:8000/pma/4,17,0,5
1552829099899,38,upm,200,OK,ipokemon 1-10,text,true,,156,2026,10,10,http://192.168.0.39:8000/upm,38,0,7
1552829102361,42,upm,200,OK,ipokemon 1-5,text,true,,156,2494,10,10,http://192.168.0.39:8000/upm,42,0,8
1552829103212,32,uu,200,OK,ipokemon 1-10,text,true,,156,731,10,10,http://192.168.0.39:8000/uu,32,0,7
1552829103244,23,pma/7,200,OK,ipokemon 1-10,text,true,,769,321,10,10,http://192.168.0.39:8000/pma/7,23,0,5
1552829103268,30,uu,200,OK,ipokemon 1-10,text,true,,156,710,10,10,http://192.168.0.39:8000/uu,30,0,6
1552829103298,22,ur,200,OK,ipokemon 1-10,text,true,,156,628,10,10,http://192.168.0.39:8000/ur,22,0,5
1552829106151,30,uu,200,OK,ipokemon 1-2,text,true,,156,621,10,10,http://192.168.0.39:8000/uu,30,0,6
1552829106182,56,upm,200,OK,ipokemon 1-2,text,true,,156,2746,10,10,http://192.168.0.39:8000/upm,56,0,4
1552829110221,37,upm,200,OK,ipokemon 1-7,text,true,,156,2578,10,10,http://192.168.0.39:8000/upm,37,0,7
1552829110258,31,uu,200,OK,ipokemon 1-7,text,true,,156,719,10,10,http://192.168.0.39:8000/uu,31,0,6
1552829110289,25,pma/4,200,OK,ipokemon 1-7,text,true,,769,321,10,10,http://192.168.0.39:8000/pma/4,25,0,8
1552829111673,24,pma/23,200,OK,ipokemon 1-9,text,true,,769,322,10,10,http://192.168.0.39:8000/pma/23,24,0,7
1552829111697,29,cu,200,OK,ipokemon 1-9,text,true,,156,618,10,10,http://192.168.0.39:8000/cu,29,0,5
1552829111727,27,uu,200,OK,ipokemon 1-9,text,true,,156,621,10,10,http://192.168.0.39:8000/uu,27,0,5
1552829111794,26,pma/23,200,OK,ipokemon 1-8,text,true,,769,322,10,10,http://192.168.0.39:8000/pma/23,26,0,9
1552829112626,30,u,200,OK,ipokemon 1-3,text,true,,419,317,10,10,http://192.168.0.39:8000/u,30,0,7
1552829112656,38,uu,200,OK,ipokemon 1-3,text,true,,156,809,10,10,http://192.168.0.39:8000/uu,38,0,14
1552829112695,27,pma/7,200,OK,ipokemon 1-3,text,true,,769,321,10,10,http://192.168.0.39:8000/pma/7,27,0,6
1552829113851,36,upm,200,OK,ipokemon 1-4,text,true,,156,2016,10,10,http://192.168.0.39:8000/upm,36,0,7
1552829113888,59,upm,200,OK,ipokemon 1-4,text,true,,156,2070,10,10,http://192.168.0.39:8000/upm,59,0,3
1552829113948,27,pma/1,200,OK,ipokemon 1-4,text,true,,769,321,10,10,http://192.168.0.39:8000/pma/1,26,0,6
1552829113975,38,upm,200,OK,ipokemon 1-4,text,true,,156,2703,10,10,http://192.168.0.39:8000/upm,38,0,6
1552829114014,27,uu,200,OK,ipokemon 1-4,text,true,,156,789,10,10,http://192.168.0.39:8000/uu,27,0,4
1552829115094,33,uu,200,OK,ipokemon 1-8,text,true,,156,740,10,10,http://192.168.0.39:8000/uu,33,0,7
1552829115127,21,pma/7,200,OK,ipokemon 1-8,text,true,,769,321,10,10,http://192.168.0.39:8000/pma/7,21,0,4
1552829115149,21,id,200,OK,ipokemon 1-8,text,true,,164,318,10,10,http://192.168.0.39:8000/id,21,0,5
1552829115170,41,upm,200,OK,ipokemon 1-8,text,true,,156,2778,10,10,http://192.168.0.39:8000/upm,41,0,7
1552829115211,28,uu,200,OK,ipokemon 1-8,text,true,,156,813,10,10,http://192.168.0.39:8000/uu,28,0,5
1552829115240,31,upm,200,OK,ipokemon 1-8,text,true,,156,2059,10,10,http://192.168.0.39:8000/upm,31,0,4
1552829115478,49,upm,200,OK,ipokemon 1-5,text,true,,156,2083,10,10,http://192.168.0.39:8000/upm,49,0,8
1552829115527,27,uu,200,OK,ipokemon 1-5,text,true,,156,640,10,10,http://192.168.0.39:8000/uu,27,0,4
1552829115554,35,upm,200,OK,ipokemon 1-5,text,true,,156,2027,10,10,http://192.168.0.39:8000/upm,35,0,5
1552829115619,27,uu,200,OK,ipokemon 1-1,text,true,,156,710,10,10,http://192.168.0.39:8000/uu,27,0,4
1552829120604,35,uu,200,OK,ipokemon 1-3,text,true,,156,639,10,10,http://192.168.0.39:8000/uu,35,0,8
1552829120639,21,pma/7,200,OK,ipokemon 1-3,text,true,,769,321,10,10,http://192.168.0.39:8000/pma/7,21,0,5
1552829120661,27,uu,200,OK,ipokemon 1-3,text,true,,156,903,10,10,http://192.168.0.39:8000/uu,27,0,4
1552829120688,20,r/XX,200,OK,ipokemon 1-3,text,true,,160,320,10,10,http://192.168.0.39:8000/r/XX,20,0,5
1552829120709,26,uu,200,OK,ipokemon 1-3,text,true,,156,740,10,10,http://192.168.0.39:8000/uu,26,0,4
1552829122145,25,mas/CN,200,OK,ipokemon 1-8,text,true,,2016,322,10,10,http://192.168.0.39:8000/mas/CN,24,0,7
1552829126687,30,uu,200,OK,ipokemon 1-1,text,true,,156,631,10,10,http://192.168.0.39:8000/uu,29,0,7
1552829126717,30,uu,200,OK,ipokemon 1-1,text,true,,156,713,10,10,http://192.168.0.39:8000/uu,30,0,5
1552829127433,34,uu,200,OK,ipokemon 1-10,text,true,,156,716,10,10,http://192.168.0.39:8000/uu,34,0,8
1552829128098,41,uu,200,OK,ipokemon 1-1,text,true,,156,809,10,10,http://192.168.0.39:8000/uu,41,0,15
1552829128139,34,upm,200,OK,ipokemon 1-1,text,true,,156,2026,10,10,http://192.168.0.39:8000/upm,34,0,5
1552829128991,34,uu,200,OK,ipokemon 1-5,text,true,,156,631,10,10,http://192.168.0.39:8000/uu,34,0,9
1552829129026,27,pma/23,200,OK,ipokemon 1-5,text,true,,769,322,10,10,http://192.168.0.39:8000/pma/23,27,0,10
1552829129054,26,uu,200,OK,ipokemon 1-5,text,true,,156,719,10,10,http://192.168.0.39:8000/uu,26,0,4
1552829131923,41,upm,200,OK,ipokemon 1-6,text,true,,156,2592,10,10,http://192.168.0.39:8000/upm,41,0,8
1552829131965,21,r/XX,200,OK,ipokemon 1-6,text,true,,160,320,10,10,http://192.168.0.39:8000/r/XX,21,0,6
1552829131987,21,id,200,OK,ipokemon 1-6,text,true,,164,318,10,10,http://192.168.0.39:8000/id,21,0,4
1552829133140,40,upm,200,OK,ipokemon 1-7,text,true,,156,2059,10,10,http://192.168.0.39:8000/upm,40,0,12
1552829135384,27,wpm,200,OK,ipokemon 1-10,text,true,,192,327,10,10,http://192.168.0.39:8000/wpm?code=CN,27,0,6
1552829135907,26,pma/4,200,OK,ipokemon 1-6,text,true,,769,321,10,10,http://192.168.0.39:8000/pma/4,26,0,9
1552829135934,29,uu,200,OK,ipokemon 1-6,text,true,,156,716,10,10,http://192.168.0.39:8000/uu,28,0,5
1552829136964,40,uu,200,OK,ipokemon 1-5,text,true,,156,891,10,10,http://192.168.0.39:8000/uu,40,0,6
1552829137004,36,pma/7,200,OK,ipokemon 1-5,text,true,,769,321,10,10,http://192.168.0.39:8000/pma/7,36,0,4
1552829137079,38,upm,200,OK,ipokemon 1-7,text,true,,156,1971,10,10,http://192.168.0.39:8000/upm,38,0,9
1552829137315,34,uu,200,OK,ipokemon 1-6,text,true,,156,716,10,10,http://192.168.0.39:8000/uu,33,0,6
1552829137349,32,upm,200,OK,ipokemon 1-6,text,true,,156,2048,10,10,http://192.168.0.39:8000/upm,32,0,5
1552829137381,32,upm,200,OK,ipokemon 1-6,text,true,,156,2083,10,10,http://192.168.0.39:8000/upm,32,0,4
1552829137414,24,uu,200,OK,ipokemon 1-6,text,true,,156,643,10,10,http://192.168.0.39:8000/uu,23,0,3
1552829137438,16,mas/CN,200,OK,ipokemon 1-6,text,true,,2016,322,10,10,http://192.168.0.39:8000/mas/CN,15,0,3
1552829137454,23,uu,200,OK,ipokemon 1-6,text,true,,156,893,10,10,http://192.168.0.39:8000/uu,23,0,5
1552829137478,24,uu,200,OK,ipokemon 1-6,text,true,,156,725,10,10,http://192.168.0.39:8000/uu,24,0,7
1552829138869,32,uu,200,OK,ipokemon 1-2,text,true,,156,901,10,10,http://192.168.0.39:8000/uu,32,0,8
1552829138901,29,u,200,OK,ipokemon 1-2,text,true,,419,317,10,10,http://192.168.0.39:8000/u,28,0,6
1552829146363,40,ur,200,OK,ipokemon 1-4,text,true,,156,655,10,10,http://192.168.0.39:8000/ur,40,0,19
1552829146403,21,r/XX,200,OK,ipokemon 1-4,text,true,,160,320,10,10,http://192.168.0.39:8000/r/XX,20,0,6
1552829151195,37,upm,200,OK,ipokemon 1-10,text,true,,156,2688,10,10,http://192.168.0.39:8000/upm,37,0,7
1552829151232,31,uu,200,OK,ipokemon 1-10,text,true,,156,725,10,10,http://192.168.0.39:8000/uu,31,0,4
1552829151264,20,r/XX,200,OK,ipokemon 1-10,text,true,,160,320,10,10,http://192.168.0.39:8000/r/XX,20,0,5
1552829151285,27,uu,200,OK,ipokemon 1-10,text,true,,156,643,10,10,http://192.168.0.39:8000/uu,26,0,5
1552829151312,27,uu,200,OK,ipokemon 1-10,text,true,,156,631,10,10,http://192.168.0.39:8000/uu,27,0,4
1552829151339,25,uu,200,OK,ipokemon 1-10,text,true,,156,889,10,10,http://192.168.0.39:8000/uu,24,0,5
1552829151364,21,u,200,OK,ipokemon 1-10,text,true,,419,317,10,10,http://192.168.0.39:8000/u,20,0,5
1552829151385,20,uu,200,OK,ipokemon 1-10,text,true,,156,624,10,10,http://192.168.0.39:8000/uu,20,0,4
1552829151405,21,id,200,OK,ipokemon 1-10,text,true,,164,318,10,10,http://192.168.0.39:8000/id,21,0,6
1552829153499,40,upm,200,OK,ipokemon 1-3,text,true,,156,1355,10,10,http://192.168.0.39:8000/upm,40,0,9
1552829153514,51,upm,200,OK,ipokemon 1-9,text,true,,156,2005,10,10,http://192.168.0.39:8000/upm,51,0,5
1552829153540,47,uu,200,OK,ipokemon 1-3,text,true,,156,722,10,10,http://192.168.0.39:8000/uu,47,0,4
1552829157699,59,uu,200,OK,ipokemon 1-5,text,true,,156,713,10,10,http://192.168.0.39:8000/uu,50,0,20
1552829162208,66,upm,200,OK,ipokemon 1-4,text,true,,156,2641,10,10,http://192.168.0.39:8000/upm,66,0,35
1552829162275,28,uu,200,OK,ipokemon 1-4,text,true,,156,734,10,10,http://192.168.0.39:8000/uu,28,0,5
1552829165456,60,uu,200,OK,ipokemon 1-3,text,true,,156,737,10,10,http://192.168.0.39:8000/uu,60,0,7
1552829166201,33,uu,200,OK,ipokemon 1-4,text,true,,156,710,10,10,http://192.168.0.39:8000/uu,33,0,10
1552829166234,33,upm,200,OK,ipokemon 1-4,text,true,,156,1993,10,10,http://192.168.0.39:8000/upm,33,0,4
1552829173965,31,wpm,200,OK,ipokemon 1-4,text,true,,192,327,10,10,http://192.168.0.39:8000/wpm?code=CN,31,0,6
1552829173996,28,uu,200,OK,ipokemon 1-4,text,true,,156,737,10,10,http://192.168.0.39:8000/uu,28,0,4
1552829174024,30,uu,200,OK,ipokemon 1-4,text,true,,156,915,10,10,http://192.168.0.39:8000/uu,30,0,5
1552829174055,21,id,200,OK,ipokemon 1-4,text,true,,164,318,10,10,http://192.168.0.39:8000/id,20,0,5
1552829174076,40,pd,200,OK,ipokemon 1-4,text,true,,658,318,10,10,http://192.168.0.39:8000/pd,40,0,5
1552829174117,19,pma/7,200,OK,ipokemon 1-4,text,true,,769,321,10,10,http://192.168.0.39:8000/pma/7,19,0,3
1552829174421,28,wpm,200,OK,ipokemon 1-8,text,true,,192,327,10,10,http://192.168.0.39:8000/wpm?code=CN,28,0,6
1552829174450,31,uu,200,OK,ipokemon 1-8,text,true,,156,917,10,10,http://192.168.0.39:8000/uu,31,0,4
1552829174481,29,uu,200,OK,ipokemon 1-8,text,true,,156,640,10,10,http://192.168.0.39:8000/uu,29,0,5
1552829181162,41,upm,200,OK,ipokemon 1-3,text,true,,156,2004,10,10,http://192.168.0.39:8000/upm,41,0,7
1552829184218,39,upm,200,OK,ipokemon 1-6,text,true,,156,2059,10,10,http://192.168.0.39:8000/upm,39,0,9
1552829185709,33,pd,200,OK,ipokemon 1-7,text,true,,658,318,10,10,http://192.168.0.39:8000/pd,33,0,7
1552829185742,24,wpm,200,OK,ipokemon 1-7,text,true,,192,327,10,10,http://192.168.0.39:8000/wpm?code=CN,24,0,4
1552829185767,21,pma/7,200,OK,ipokemon 1-7,text,true,,769,321,10,10,http://192.168.0.39:8000/pma/7,20,0,3
1552829185788,43,upm,200,OK,ipokemon 1-7,text,true,,156,2703,10,10,http://192.168.0.39:8000/upm,43,0,6
1552829185832,20,uu,200,OK,ipokemon 1-7,text,true,,156,643,10,10,http://192.168.0.39:8000/uu,20,0,5
1552829185853,23,uu,200,OK,ipokemon 1-7,text,true,,156,731,10,10,http://192.168.0.39:8000/uu,23,0,3
1552829185876,23,uu,200,OK,ipokemon 1-7,text,true,,156,625,10,10,http://192.168.0.39:8000/uu,22,0,6
1552829188076,31,uu,200,OK,ipokemon 1-3,text,true,,156,734,10,10,http://192.168.0.39:8000/uu,31,0,8
1552829188108,42,uu,200,OK,ipokemon 1-3,text,true,,156,734,10,10,http://192.168.0.39:8000/uu,42,0,4
1552829195849,43,uu,200,OK,ipokemon 1-3,text,true,,156,716,10,10,http://192.168.0.39:8000/uu,43,0,7
1552829195893,36,cu,200,OK,ipokemon 1-3,text,true,,156,615,10,10,http://192.168.0.39:8000/cu,35,0,9
1552829195929,32,uu,200,OK,ipokemon 1-3,text,true,,156,625,10,10,http://192.168.0.39:8000/uu,32,0,6
1552829204819,23,id,200,OK,ipokemon 1-5,text,true,,164,318,10,10,http://192.168.0.39:8000/id,23,0,7
1552829204843,125,upm,200,OK,ipokemon 1-5,text,true,,156,2776,10,10,http://192.168.0.39:8000/upm,125,0,5
1552829208068,26,u,200,OK,ipokemon 1-6,text,true,,419,317,10,10,http://192.168.0.39:8000/u,26,0,7
1552829208094,25,uu,200,OK,ipokemon 1-6,text,true,,156,734,10,10,http://192.168.0.39:8000/uu,25,0,4
1552829209792,53,uu,200,OK,ipokemon 1-9,text,true,,156,734,10,10,http://192.168.0.39:8000/uu,53,0,6
1552829212018,37,upm,200,OK,ipokemon 1-8,text,true,,156,2761,10,10,http://192.168.0.39:8000/upm,37,0,7
1552829212537,29,cu,200,OK,ipokemon 1-2,text,true,,156,630,10,10,http://192.168.0.39:8000/cu,29,0,7
1552829214354,28,uu,200,OK,ipokemon 1-1,text,true,,156,740,10,10,http://192.168.0.39:8000/uu,28,0,6
1552829217729,30,uu,200,OK,ipokemon 1-9,text,true,,156,722,10,10,http://192.168.0.39:8000/uu,30,0,6
1552829217759,33,upm,200,OK,ipokemon 1-9,text,true,,156,2081,10,10,http://192.168.0.39:8000/upm,33,0,4
1552829217792,25,u,200,OK,ipokemon 1-9,text,true,,419,317,10,10,http://192.168.0.39:8000/u,25,0,4
1552829217817,30,upm,200,OK,ipokemon 1-9,text,true,,156,1333,10,10,http://192.168.0.39:8000/upm,30,0,5
1552829219099,35,pd,200,OK,ipokemon 1-8,text,true,,659,318,10,10,http://192.168.0.39:8000/pd,35,0,8
1552829219543,39,upm,200,OK,ipokemon 1-10,text,true,,156,2006,10,10,http://192.168.0.39:8000/upm,39,0,8
